province,county,city
آذربایجان شرقی,آذرشهر,آذرشهر
آذربایجان شرقی,آذرشهر,تیمورلو
آذربایجان شرقی,آذرشهر,گوگان
آذربایجان شرقی,آذرشهر,ممقان
آذربایجان شرقی,اسکو,اسکو
آذربایجان شرقی,اسکو,ایلخچی
آذربایجان شرقی,اسکو,سهند
آذربایجان شرقی,اهر,اهر
آذربایجان شرقی,اهر,هوراند
آذربایجان شرقی,بستان آباد,بستان آباد
آذربایجان شرقی,بستان آباد,تیکمه داش
آذربایجان شرقی,بناب,بناب
آذربایجان شرقی,تبریز,باسمنج
آذربایجان شرقی,تبریز,تبریز
آذربایجان شرقی,تبریز,خسروشاه
آذربایجان شرقی,تبریز,سردرود
آذربایجان شرقی,جلفا,جلفا
آذربایجان شرقی,جلفا,سیه رود
آذربایجان شرقی,جلفا,هادیشهر
آذربایجان شرقی,چاراویماق,قره آغاج
آذربایجان شرقی,خداآفرین,خمارلو
آذربایجان شرقی,سراب,دوزدوزان
آذربایجان شرقی,سراب,سراب
آذربایجان شرقی,سراب,شربیان
آذربایجان شرقی,سراب,مهربان
آذربایجان شرقی,شبستر,تسوج
آذربایجان شرقی,شبستر,خامنه
آذربایجان شرقی,شبستر,سیس
آذربایجان شرقی,شبستر,شبستر
آذربایجان شرقی,شبستر,شرفخانه
آذربایجان شرقی,شبستر,شندآباد
آذربایجان شرقی,شبستر,صوفیان
آذربایجان شرقی,شبستر,کوزه کنان
آذربایجان شرقی,شبستر,وایقان
آذربایجان شرقی,عجب شیر,جوان قلعه
آذربایجان شرقی,عجب شیر,عجب شیر
آذربایجان شرقی,کلیبر,آبش احمد
آذربایجان شرقی,کلیبر,کلیبر
آذربایجان شرقی,مراغه,خداجو(خراجو)
آذربایجان شرقی,مراغه,مراغه
آذربایجان شرقی,مرند,بناب مرند
آذربایجان شرقی,مرند,زنوز
آذربایجان شرقی,مرند,کشکسرای
آذربایجان شرقی,مرند,مرند
آذربایجان شرقی,مرند,یامچی
آذربایجان شرقی,ملکان,لیلان
آذربایجان شرقی,ملکان,مبارک شهر
آذربایجان شرقی,ملکان,ملکان
آذربایجان شرقی,میانه,آقکند
آذربایجان شرقی,میانه,اچاچی
آذربایجان شرقی,میانه,ترک
آذربایجان شرقی,میانه,ترکمانچای
آذربایجان شرقی,میانه,میانه
آذربایجان شرقی,ورزقان,خاروانا
آذربایجان شرقی,ورزقان,ورزقان
آذربایجان شرقی,هریس,بخشایش
آذربایجان شرقی,هریس,خواجه
آذربایجان شرقی,هریس,زرنق
آذربایجان شرقی,هریس,کلوانق
آذربایجان شرقی,هریس,هریس
آذربایجان شرقی,هشترود,نظرکهریزی
آذربایجان شرقی,هشترود,هشترود
آذربایجان غربی,ارومیه,ارومیه
آذربایجان غربی,ارومیه,سرو
آذربایجان غربی,ارومیه,سیلوانه
آذربایجان غربی,ارومیه,قوشچی
آذربایجان غربی,ارومیه,نوشین
آذربایجان غربی,اشنویه,اشنویه
آذربایجان غربی,اشنویه,نالوس
آذربایجان غربی,بوکان,بوکان
آذربایجان غربی,بوکان,سیمینه
آذربایجان غربی,پلدشت,پلدشت
آذربایجان غربی,پلدشت,نازک علیا
آذربایجان غربی,پیرانشهر,پیرانشهر
آذربایجان غربی,پیرانشهر,گردکشانه
آذربایجان غربی,تکاب,تکاب
آذربایجان غربی,چالدران,آواجیق
آذربایجان غربی,چالدران,سیه چشمه
آذربایجان غربی,چایپاره,قره ضیاءالدین
آذربایجان غربی,خوی,ایواوغلی
آذربایجان غربی,خوی,خوی
آذربایجان غربی,خوی,دیزج دیز
آذربایجان غربی,خوی,زرآباد
آذربایجان غربی,خوی,فیرورق
آذربایجان غربی,خوی,قطور
آذربایجان غربی,سردشت,ربط
آذربایجان غربی,سردشت,سردشت
آذربایجان غربی,سردشت,میرآباد
آذربایجان غربی,سلماس,تازه شهر
آذربایجان غربی,سلماس,سلماس
آذربایجان غربی,شاهین دژ,شاهین دژ
آذربایجان غربی,شاهین دژ,کشاورز
آذربایجان غربی,شاهین دژ,محمودآباد
آذربایجان غربی,شوط,شوط
آذربایجان غربی,شوط,مرگنلر
آذربایجان غربی,ماکو,بازرگان
آذربایجان غربی,ماکو,ماکو
آذربایجان غربی,مهاباد,خلیفان
آذربایجان غربی,مهاباد,مهاباد
آذربایجان غربی,میاندوآب,باروق
آذربایجان غربی,میاندوآب,چهاربرج
آذربایجان غربی,میاندوآب,میاندوآب
آذربایجان غربی,نقده,محمدیار
آذربایجان غربی,نقده,نقده
اردبیل,اردبیل,اردبیل
اردبیل,اردبیل,هیر
اردبیل,بیله سوار,بیله سوار
اردبیل,بیله سوار,جعفرآباد
اردبیل,پارس آباد,اسلام اباد
اردبیل,پارس آباد,اصلاندوز
اردبیل,پارس آباد,پارس آباد
اردبیل,پارس آباد,تازه کند
اردبیل,خلخال,خلخال
اردبیل,خلخال,کلور
اردبیل,خلخال,هشتجین
اردبیل,سرعین,سرعین
اردبیل,کوثر,گیوی
اردبیل,گرمی,تازه کندانگوت
اردبیل,گرمی,گرمی
اردبیل,مشگین شهر,رضی
اردبیل,مشگین شهر,فخراباد
اردبیل,مشگین شهر,قصابه
اردبیل,مشگین شهر,لاهرود
اردبیل,مشگین شهر,مرادلو
اردبیل,مشگین شهر,مشگین شهر
اردبیل,نمین,آبی بیگلو
اردبیل,نمین,عنبران
اردبیل,نمین,نمین
اردبیل,نیر,کوراییم
اردبیل,نیر,نیر
اصفهان,آران وبیدگل,آران وبیدگل
اصفهان,آران وبیدگل,ابوزیدآباد
اصفهان,آران وبیدگل,سفیدشهر
اصفهان,آران وبیدگل,نوش آباد
اصفهان,اردستان,اردستان
اصفهان,اردستان,زواره
اصفهان,اردستان,مهاباد
اصفهان,اصفهان,اژیه
اصفهان,اصفهان,اصفهان
اصفهان,اصفهان,بهارستان
اصفهان,اصفهان,تودشک
اصفهان,اصفهان,حسن اباد
اصفهان,اصفهان,زیار
اصفهان,اصفهان,سجزی
اصفهان,اصفهان,قهجاورستان
اصفهان,اصفهان,کوهپایه
اصفهان,اصفهان,محمدآباد
اصفهان,اصفهان,نصرآباد
اصفهان,اصفهان,نیک آباد
اصفهان,اصفهان,ورزنه
اصفهان,اصفهان,هرند
اصفهان,برخوار,حبیب آباد
اصفهان,برخوار,خورزوق
اصفهان,برخوار,دستگرد
اصفهان,برخوار,دولت آباد
اصفهان,برخوار,سین
اصفهان,برخوار,شاپورآباد
اصفهان,برخوار,کمشچه
اصفهان,بو یین و میاندشت,افوس
اصفهان,بو یین و میاندشت,بویین ومیاندشت
اصفهان,تیران وکرون,تیران
اصفهان,تیران وکرون,رضوانشهر
اصفهان,تیران وکرون,عسگران
اصفهان,چادگان,چادگان
اصفهان,چادگان,رزوه
اصفهان,خمینی شهر,اصغرآباد
اصفهان,خمینی شهر,خمینی شهر
اصفهان,خمینی شهر,درچه
اصفهان,خمینی شهر,کوشک
اصفهان,خوانسار,خوانسار
اصفهان,خور و بیابانک,جندق
اصفهان,خور و بیابانک,خور
اصفهان,خور و بیابانک,فرخی
اصفهان,دهاقان,دهاقان
اصفهان,دهاقان,گلشن
اصفهان,سمیرم,حنا
اصفهان,سمیرم,سمیرم
اصفهان,سمیرم,کمه
اصفهان,سمیرم,ونک
اصفهان,شاهین شهرومیمه,شاهین شهر
اصفهان,شاهین شهرومیمه,گرگاب
اصفهان,شاهین شهرومیمه,گزبرخوار
اصفهان,شاهین شهرومیمه,لای بید
اصفهان,شاهین شهرومیمه,میمه
اصفهان,شاهین شهرومیمه,وزوان
اصفهان,شهرضا,شهرضا
اصفهان,شهرضا,منظریه
اصفهان,فریدن,داران
اصفهان,فریدن,دامنه
اصفهان,فریدونشهر,برف انبار
اصفهان,فریدونشهر,فریدونشهر
اصفهان,فلاورجان,ابریشم
اصفهان,فلاورجان,ایمانشهر
اصفهان,فلاورجان,بهاران شهر
اصفهان,فلاورجان,پیربکران
اصفهان,فلاورجان,زازران
اصفهان,فلاورجان,فلاورجان
اصفهان,فلاورجان,قهدریجان
اصفهان,فلاورجان,کلیشادوسودرجان
اصفهان,کاشان,برزک
اصفهان,کاشان,جوشقان قالی
اصفهان,کاشان,قمصر
اصفهان,کاشان,کاشان
اصفهان,کاشان,کامو و چوگان
اصفهان,کاشان,مشکات
اصفهان,کاشان,نیاسر
اصفهان,گلپایگان,گلپایگان
اصفهان,گلپایگان,گلشهر
اصفهان,گلپایگان,گوگد
اصفهان,لنجان,باغ بهادران
اصفهان,لنجان,باغشاد
اصفهان,لنجان,چرمهین
اصفهان,لنجان,چمگردان
اصفهان,لنجان,زاینده رود
اصفهان,لنجان,زرین شهر
اصفهان,لنجان,سده لنجان
اصفهان,لنجان,فولادشهر
اصفهان,لنجان,ورنامخواست
اصفهان,مبارکه,دیزیچه
اصفهان,مبارکه,زیباشهر
اصفهان,مبارکه,طالخونچه
اصفهان,مبارکه,کرکوند
اصفهان,مبارکه,مبارکه
اصفهان,مبارکه,مجلسی
اصفهان,نایین,انارک
اصفهان,نایین,بافران
اصفهان,نایین,نایین
اصفهان,نجف آباد,جوزدان
اصفهان,نجف آباد,دهق
اصفهان,نجف آباد,علویجه
اصفهان,نجف آباد,کهریزسنگ
اصفهان,نجف آباد,گلدشت
اصفهان,نجف آباد,نجف آباد
اصفهان,نطنز,بادرود
اصفهان,نطنز,خالدآباد
اصفهان,نطنز,طرق رود
اصفهان,نطنز,نطنز
البرز,اشتهارد,اشتهارد
البرز,ساوجبلاغ,چهارباغ
البرز,ساوجبلاغ,شهرجدیدهشتگرد
البرز,ساوجبلاغ,کوهسار
البرز,ساوجبلاغ,گلسار
البرز,ساوجبلاغ,هشتگرد
البرز,طالقان,طالقان
البرز,فردیس,فردیس
البرز,فردیس,مشکین دشت
البرز,کرج,آسارا
البرز,کرج,کرج
البرز,کرج,کمال شهر
البرز,کرج,گرمدره
البرز,کرج,ماهدشت
البرز,کرج,محمدشهر
البرز,نظرآباد,تنکمان
البرز,نظرآباد,نظرآباد
ایلام,آبدانان,آبدانان
ایلام,آبدانان,سراب باغ
ایلام,آبدانان,مورموری
ایلام,ایلام,ایلام
ایلام,ایلام,چوار
ایلام,ایوان,ایوان
ایلام,ایوان,زرنه
ایلام,بدره,بدره
ایلام,چرداول,آسمان آباد
ایلام,چرداول,بلاوه
ایلام,چرداول,توحید
ایلام,چرداول,سرابله
ایلام,چرداول,شباب
ایلام,دره شهر,دره شهر
ایلام,دره شهر,ماژین
ایلام,دهلران,پهله
ایلام,دهلران,دهلران
ایلام,دهلران,موسیان
ایلام,دهلران,میمه
ایلام,سیروان,لومار
ایلام,ملکشاهی,ارکواز
ایلام,ملکشاهی,دلگشا
ایلام,ملکشاهی,مهر
ایلام,مهران,صالح آباد
ایلام,مهران,مهران
بوشهر,بوشهر,بوشهر
بوشهر,بوشهر,چغادک
بوشهر,بوشهر,خارک
بوشهر,بوشهر,عالی شهر
بوشهر,تنگستان,آباد
بوشهر,تنگستان,اهرم
بوشهر,تنگستان,دلوار
بوشهر,جم,انارستان
بوشهر,جم,جم
بوشهر,جم,ریز
بوشهر,دشتستان,آب پخش
بوشهر,دشتستان,برازجان
بوشهر,دشتستان,بوشکان
بوشهر,دشتستان,تنگ ارم
بوشهر,دشتستان,دالکی
بوشهر,دشتستان,سعد آباد
بوشهر,دشتستان,شبانکاره
بوشهر,دشتستان,کلمه
بوشهر,دشتستان,وحدتیه
بوشهر,دشتی,بادوله
بوشهر,دشتی,خورموج
بوشهر,دشتی,شنبه
بوشهر,دشتی,کاکی
بوشهر,دیر,آبدان
بوشهر,دیر,بردخون
بوشهر,دیر,بردستان
بوشهر,دیر,بندردیر
بوشهر,دیر,دوراهک
بوشهر,دیلم,امام حسن
بوشهر,دیلم,بندردیلم
بوشهر,عسلویه,عسلویه
بوشهر,عسلویه,نخل تقی
بوشهر,کنگان,بندرکنگان
بوشهر,کنگان,بنک
بوشهر,کنگان,سیراف
بوشهر,گناوه,بندرریگ
بوشهر,گناوه,بندرگناوه
تهران,اسلامشهر,احمد آباد مستوفی
تهران,اسلامشهر,اسلامشهر
تهران,اسلامشهر,چهاردانگه
تهران,بهارستان,صالحیه
تهران,بهارستان,گلستان
تهران,بهارستان,نسیم شهر
تهران,پاکدشت,پاکدشت
تهران,پاکدشت,شریف آباد
تهران,پاکدشت,فرون اباد
تهران,پردیس,بومهن
تهران,پردیس,پردیس
تهران,پیشوا,پیشوا
تهران,تهران,تهران
تهران,دماوند,آبسرد
تهران,دماوند,آبعلی
تهران,دماوند,دماوند
تهران,دماوند,رودهن
تهران,دماوند,کیلان
تهران,رباطکریم,پرند
تهران,رباطکریم,رباطکریم
تهران,رباطکریم,نصیرشهر
تهران,ری,باقرشهر
تهران,ری,حسن آباد
تهران,ری,ری
تهران,ری,کهریزک
تهران,شمیرانات,تجریش
تهران,شمیرانات,شمشک
تهران,شمیرانات,فشم
تهران,شمیرانات,لواسان
تهران,شهریار,اندیشه
تهران,شهریار,باغستان
تهران,شهریار,شاهدشهر
تهران,شهریار,شهریار
تهران,شهریار,صباشهر
تهران,شهریار,فردوسیه
تهران,شهریار,وحیدیه
تهران,فیروزکوه,ارجمند
تهران,فیروزکوه,فیروزکوه
تهران,قدس,قدس
تهران,قرچک,قرچک
تهران,ملارد,صفادشت
تهران,ملارد,ملارد
تهران,ورامین,جوادآباد
تهران,ورامین,ورامین
چهارمحال وبختیاری,اردل,اردل
چهارمحال وبختیاری,اردل,دشتک
چهارمحال وبختیاری,اردل,سرخون
چهارمحال وبختیاری,اردل,کاج
چهارمحال وبختیاری,بروجن,بروجن
چهارمحال وبختیاری,بروجن,بلداجی
چهارمحال وبختیاری,بروجن,سفیددشت
چهارمحال وبختیاری,بروجن,فرادبنه
چهارمحال وبختیاری,بروجن,گندمان
چهارمحال وبختیاری,بروجن,نقنه
چهارمحال وبختیاری,بن,بن
چهارمحال وبختیاری,بن,وردنجان
چهارمحال وبختیاری,سامان,سامان
چهارمحال وبختیاری,شهرکرد,سودجان
چهارمحال وبختیاری,شهرکرد,سورشجان
چهارمحال وبختیاری,شهرکرد,شهرکرد
چهارمحال وبختیاری,شهرکرد,طاقانک
چهارمحال وبختیاری,شهرکرد,فرخ شهر
چهارمحال وبختیاری,شهرکرد,کیان
چهارمحال وبختیاری,شهرکرد,نافچ
چهارمحال وبختیاری,شهرکرد,هارونی
چهارمحال وبختیاری,شهرکرد,هفشجان
چهارمحال وبختیاری,فارسان,باباحیدر
چهارمحال وبختیاری,فارسان,پردنجان
چهارمحال وبختیاری,فارسان,جونقان
چهارمحال وبختیاری,فارسان,چلیچه
چهارمحال وبختیاری,فارسان,فارسان
چهارمحال وبختیاری,فارسان,گوجان
چهارمحال وبختیاری,کوهرنگ,بازفت
چهارمحال وبختیاری,کوهرنگ,چلگرد
چهارمحال وبختیاری,کوهرنگ,صمصامی
چهارمحال وبختیاری,کیار,دستنا
چهارمحال وبختیاری,کیار,شلمزار
چهارمحال وبختیاری,کیار,گهرو
چهارمحال وبختیاری,کیار,ناغان
چهارمحال وبختیاری,لردگان,آلونی
چهارمحال وبختیاری,لردگان,سردشت
چهارمحال وبختیاری,لردگان,لردگان
چهارمحال وبختیاری,لردگان,مال خلیفه
چهارمحال وبختیاری,لردگان,منج
خراسان جنوبی,بشرویه,ارسک
خراسان جنوبی,بشرویه,بشرویه
خراسان جنوبی,بیرجند,بیرجند
خراسان جنوبی,خوسف,خوسف
خراسان جنوبی,خوسف,محمدشهر
خراسان جنوبی,درمیان,اسدیه
خراسان جنوبی,درمیان,طبس مسینا
خراسان جنوبی,درمیان,قهستان
خراسان جنوبی,درمیان,گزیک
خراسان جنوبی,زیرکوه,حاجی آباد
خراسان جنوبی,زیرکوه,زهان
خراسان جنوبی,سرایان,آیسک
خراسان جنوبی,سرایان,سرایان
خراسان جنوبی,سرایان,سه قلعه
خراسان جنوبی,سربیشه,سربیشه
خراسان جنوبی,سربیشه,مود
خراسان جنوبی,طبس,دیهوک
خراسان جنوبی,طبس,طبس
خراسان جنوبی,طبس,عشق آباد
خراسان جنوبی,فردوس,اسلامیه
خراسان جنوبی,فردوس,فردوس
خراسان جنوبی,قاینات,آرین شهر
خراسان جنوبی,قاینات,اسفدن
خراسان جنوبی,قاینات,خضری دشت بیاض
خراسان جنوبی,قاینات,قاین
خراسان جنوبی,قاینات,نیمبلوک
خراسان جنوبی,نهبندان,شوسف
خراسان جنوبی,نهبندان,نهبندان
خراسان رضوی,باخرز,باخرز
خراسان رضوی,بجستان,بجستان
خراسان رضوی,بجستان,یونسی
خراسان رضوی,بردسکن,انابد
خراسان رضوی,بردسکن,بردسکن
خراسان رضوی,بردسکن,شهراباد
خراسان رضوی,بینالود,شاندیز
خراسان رضوی,بینالود,طرقبه
خراسان رضوی,تایباد,تایباد
خراسان رضوی,تایباد,کاریز
خراسان رضوی,تایباد,مشهدریزه
خراسان رضوی,تربت جام,احمدابادصولت
خراسان رضوی,تربت جام,تربت جام
خراسان رضوی,تربت جام,صالح آباد
خراسان رضوی,تربت جام,نصرآباد
خراسان رضوی,تربت جام,نیل شهر
خراسان رضوی,تربت حیدریه,بایک
خراسان رضوی,تربت حیدریه,تربت حیدریه
خراسان رضوی,تربت حیدریه,رباط سنگ
خراسان رضوی,تربت حیدریه,کدکن
خراسان رضوی,جغتای,جغتای
خراسان رضوی,جوین,نقاب
خراسان رضوی,چناران,چناران
خراسان رضوی,چناران,گلبهار
خراسان رضوی,چناران,گلمکان
خراسان رضوی,خلیل آباد,خلیل آباد
خراسان رضوی,خلیل آباد,کندر
خراسان رضوی,خواف,خواف
خراسان رضوی,خواف,سلامی
خراسان رضوی,خواف,سنگان
خراسان رضوی,خواف,قاسم آباد
خراسان رضوی,خواف,نشتیفان
خراسان رضوی,خوشاب,سلطان آباد
خراسان رضوی,داورزن,داورزن
خراسان رضوی,درگز,چاپشلو
خراسان رضوی,درگز,درگز
خراسان رضوی,درگز,لطف آباد
خراسان رضوی,درگز,نوخندان
خراسان رضوی,رشتخوار,جنگل
خراسان رضوی,رشتخوار,رشتخوار
خراسان رضوی,زاوه,دولت آباد
خراسان رضوی,سبزوار,روداب
خراسان رضوی,سبزوار,سبزوار
خراسان رضوی,سبزوار,ششتمد
خراسان رضوی,سرخس,سرخس
خراسان رضوی,سرخس,مزدآوند
خراسان رضوی,فریمان,سفیدسنگ
خراسان رضوی,فریمان,فرهادگرد
خراسان رضوی,فریمان,فریمان
خراسان رضوی,فریمان,قلندرآباد
خراسان رضوی,فیروزه,فیروزه
خراسان رضوی,فیروزه,همت آباد
خراسان رضوی,قوچان,باجگیران
خراسان رضوی,قوچان,قوچان
خراسان رضوی,کاشمر,ریوش
خراسان رضوی,کاشمر,کاشمر
خراسان رضوی,کلات,شهرزو
خراسان رضوی,کلات,کلات
خراسان رضوی,گناباد,بیدخت
خراسان رضوی,گناباد,کاخک
خراسان رضوی,گناباد,گناباد
خراسان رضوی,مشهد,رضویه
خراسان رضوی,مشهد,مشهد
خراسان رضوی,مشهد,مشهد ثامن
خراسان رضوی,مشهد,ملک آباد
خراسان رضوی,مه ولات,شادمهر
خراسان رضوی,مه ولات,فیض آباد
خراسان رضوی,نیشابور,بار
خراسان رضوی,نیشابور,چکنه
خراسان رضوی,نیشابور,خرو
خراسان رضوی,نیشابور,درود
خراسان رضوی,نیشابور,عشق آباد
خراسان رضوی,نیشابور,قدمگاه
خراسان رضوی,نیشابور,نیشابور
خراسان شمالی,اسفراین,اسفراین
خراسان شمالی,اسفراین,صفی آباد
خراسان شمالی,بجنورد,بجنورد
خراسان شمالی,بجنورد,چناران شهر
خراسان شمالی,بجنورد,حصارگرمخان
خراسان شمالی,جاجرم,جاجرم
خراسان شمالی,جاجرم,سنخواست
خراسان شمالی,جاجرم,شوقان
خراسان شمالی,راز و جرگلان,راز
خراسان شمالی,شیروان,زیارت
خراسان شمالی,شیروان,شیروان
خراسان شمالی,شیروان,قوشخانه
خراسان شمالی,شیروان,لوجلی
خراسان شمالی,فاروج,تیتکانلو
خراسان شمالی,فاروج,فاروج
خراسان شمالی,گرمه,ایور
خراسان شمالی,گرمه,درق
خراسان شمالی,گرمه,گرمه
خراسان شمالی,مانه وسملقان,آشخانه
خراسان شمالی,مانه وسملقان,آوا
خراسان شمالی,مانه وسملقان,پیش قلعه
خراسان شمالی,مانه وسملقان,قاضی
خوزستان,آبادان,آبادان
خوزستان,آبادان,اروندکنار
خوزستان,آبادان,چویبده
خوزستان,آغاجاری,آغاجاری
خوزستان,امیدیه,امیدیه
خوزستان,امیدیه,جایزان
خوزستان,اندیکا,آبژدان
خوزستان,اندیکا,قلعه خواجه
خوزستان,اندیمشک,آزادی
خوزستان,اندیمشک,اندیمشک
خوزستان,اندیمشک,بیدروبه
خوزستان,اندیمشک,چم گلک
خوزستان,اندیمشک,حسینیه
خوزستان,اهواز,الهایی
خوزستان,اهواز,اهواز
خوزستان,ایذه,ایذه
خوزستان,ایذه,دهدز
خوزستان,باغ ملک,باغ ملک
خوزستان,باغ ملک,صیدون
خوزستان,باغ ملک,قلعه تل
خوزستان,باغ ملک,میداود
خوزستان,باوی,شیبان
خوزستان,باوی,ملاثانی
خوزستان,باوی,ویس
خوزستان,بندرماهشهر,بندرامام خمینی
خوزستان,بندرماهشهر,بندرماهشهر
خوزستان,بندرماهشهر,چمران
خوزستان,بهبهان,بهبهان
خوزستان,بهبهان,تشان
خوزستان,بهبهان,سردشت
خوزستان,بهبهان,منصوریه
خوزستان,حمیدیه,حمیدیه
خوزستان,خرمشهر,خرمشهر
خوزستان,خرمشهر,مقاومت
خوزستان,خرمشهر,مینوشهر
خوزستان,دزفول,چغامیش
خوزستان,دزفول,حمزه
خوزستان,دزفول,دزفول
خوزستان,دزفول,سالند
خوزستان,دزفول,سیاه منصور
خوزستان,دزفول,شمس آباد
خوزستان,دزفول,شهر امام
خوزستان,دزفول,صفی آباد
خوزستان,دزفول,میانرود
خوزستان,دشت آزادگان,ابوحمیظه
خوزستان,دشت آزادگان,بستان
خوزستان,دشت آزادگان,سوسنگرد
خوزستان,دشت آزادگان,کوت سیدنعیم
خوزستان,رامشیر,رامشیر
خوزستان,رامشیر,مشراگه
خوزستان,رامهرمز,رامهرمز
خوزستان,شادگان,خنافره
خوزستان,شادگان,دارخوین
خوزستان,شادگان,شادگان
خوزستان,شوش,الوان
خوزستان,شوش,حر
خوزستان,شوش,شاوور
خوزستان,شوش,شوش
خوزستان,شوش,فتح المبین
خوزستان,شوشتر,سرداران
خوزستان,شوشتر,شرافت
خوزستان,شوشتر,شوشتر
خوزستان,شوشتر,گوریه
خوزستان,کارون,کوت عبداله
خوزستان,گتوند,ترکالکی
خوزستان,گتوند,جنت مکان
خوزستان,گتوند,سماله
خوزستان,گتوند,صالح شهر
خوزستان,گتوند,گتوند
خوزستان,لالی,لالی
خوزستان,مسجدسلیمان,گلگیر
خوزستان,مسجدسلیمان,مسجدسلیمان
خوزستان,هفتگل,هفتگل
خوزستان,هندیجان,زهره
خوزستان,هندیجان,هندیجان
خوزستان,هویزه,رفیع
خوزستان,هویزه,هویزه
زنجان,ابهر,ابهر
زنجان,ابهر,صایین قلعه
زنجان,ابهر,هیدج
زنجان,ایجرود,حلب
زنجان,ایجرود,زرین آباد
زنجان,خدابنده,زرین رود
زنجان,خدابنده,سجاس
زنجان,خدابنده,سهرورد
زنجان,خدابنده,قیدار
زنجان,خدابنده,کرسف
زنجان,خدابنده,گرماب
زنجان,خدابنده,نوربهار
زنجان,خرمدره,خرمدره
زنجان,زنجان,ارمغانخانه
زنجان,زنجان,زنجان
زنجان,زنجان,نیک پی
زنجان,سلطانیه,سلطانیه
زنجان,طارم,آب بر
زنجان,طارم,چورزق
زنجان,ماهنشان,دندی
زنجان,ماهنشان,ماه نشان
سمنان,آرادان,آرادان
سمنان,آرادان,کهن آباد
سمنان,دامغان,امیریه
سمنان,دامغان,دامغان
سمنان,دامغان,دیباج
سمنان,دامغان,کلاته
سمنان,سرخه,سرخه
سمنان,سمنان,سمنان
سمنان,شاهرود,بسطام
سمنان,شاهرود,بیارجمند
سمنان,شاهرود,رودیان
سمنان,شاهرود,شاهرود
سمنان,شاهرود,کلاته خیج
سمنان,شاهرود,مجن
سمنان,گرمسار,ایوانکی
سمنان,گرمسار,گرمسار
سمنان,مهدی شهر,درجزین
سمنان,مهدی شهر,شهمیرزاد
سمنان,مهدی شهر,مهدی شهر
سمنان,میامی,میامی
سیستان وبلوچستان,ایرانشهر,ایرانشهر
سیستان وبلوچستان,ایرانشهر,بزمان
سیستان وبلوچستان,ایرانشهر,بمپور
سیستان وبلوچستان,ایرانشهر,محمدان
سیستان وبلوچستان,چابهار,چابهار
سیستان وبلوچستان,چابهار,نگور
سیستان وبلوچستان,خاش,خاش
سیستان وبلوچستان,خاش,نوک آباد
سیستان وبلوپستان,دشت یاری,دشت یاری
سیستان وبلوچستان,زابل,بنجار
سیستان وبلوچستان,زابل,زابل
سیستان وبلوچستان,زاهدان,زاهدان
سیستان وبلوچستان,زاهدان,نصرت آباد
سیستان وبلوچستان,زهک,زهک
سیستان وبلوچستان,سراوان,جالق
سیستان وبلوچستان,سراوان,سراوان
سیستان وبلوچستان,سراوان,سیرکان
سیستان وبلوچستان,سراوان,گشت
سیستان وبلوچستان,سراوان,محمدی
سیستان وبلوچستان,سرباز,پیشین
سیستان وبلوچستان,سرباز,راسک
سیستان وبلوچستان,سرباز,سرباز
سیستان وبلوچستان,سیب و سوران,سوران
سیستان وبلوچستان,سیب و سوران,هیدوچ
سیستان وبلوچستان,فنوج,فنوج
سیستان وبلوچستان,قصرقند,قصرقند
سیستان وبلوچستان,کنارک,زرآباد
سیستان وبلوچستان,کنارک,کنارک
سیستان وبلوچستان,مهرستان,مهرستان
سیستان وبلوچستان,میرجاوه,میرجاوه
سیستان وبلوچستان,نیک شهر,اسپکه
سیستان وبلوچستان,نیک شهر,بنت
سیستان وبلوچستان,نیک شهر,نیک شهر
سیستان وبلوچستان,نیمروز,ادیمی
سیستان وبلوچستان,هامون,شهرک علی اکبر
سیستان وبلوچستان,هامون,محمدآباد
سیستان وبلوچستان,هیرمند,دوست محمد
فارس,آباده,آباده
فارس,آباده,ایزدخواست
فارس,آباده,بهمن
فارس,آباده,سورمق
فارس,آباده,صغاد
فارس,ارسنجان,ارسنجان
فارس,استهبان,استهبان
فارس,استهبان,ایج
فارس,استهبان,رونیز
فارس,اقلید,اقلید
فارس,اقلید,حسن اباد
فارس,اقلید,دژکرد
فارس,اقلید,سده
فارس,بوانات,بوانات
فارس,بوانات,حسامی
فارس,بوانات,کره ای
فارس,بوانات,مزایجان
فارس,پاسارگاد,سعادت شهر
فارس,پاسارگاد,مادرسلیمان
فارس,جهرم,باب انار
فارس,جهرم,جهرم
فارس,جهرم,خاوران
فارس,جهرم,دوزه
فارس,جهرم,قطب آباد
فارس,خرامه,خرامه
فارس,خرامه,سلطان شهر
فارس,خرم بید,صفاشهر
فارس,خرم بید,قادراباد
فارس,خنج,خنج
فارس,داراب,جنت شهر
فارس,داراب,داراب
فارس,داراب,دوبرجی
فارس,داراب,فدامی
فارس,رستم,کوپن
فارس,رستم,مصیری
فارس,زرین دشت,حاجی آباد
فارس,زرین دشت,دبیران
فارس,زرین دشت,شهرپیر
فارس,سپیدان,اردکان
فارس,سپیدان,بیضا
فارس,سپیدان,هماشهر
فارس,سروستان,سروستان
فارس,سروستان,کوهنجان
فارس,شیراز,خانه زنیان
فارس,شیراز,داریان
فارس,شیراز,زرقان
فارس,شیراز,شهرصدرا
فارس,شیراز,شیراز
فارس,شیراز,لپویی
فارس,فراشبند,دهرم
فارس,فراشبند,فراشبند
فارس,فراشبند,نوجین
فارس,فسا,زاهدشهر
فارس,فسا,ششده
فارس,فسا,فسا
فارس,فسا,قره بلاغ
فارس,فسا,میانشهر
فارس,فسا,نوبندگان
فارس,فیروزآباد,فیروزآباد
فارس,فیروزآباد,میمند
فارس,قیروکارزین,افزر
فارس,قیروکارزین,امام شهر
فارس,قیروکارزین,قیر
فارس,قیروکارزین,کارزین (فتح آباد)
فارس,قیروکارزین,مبارک آباددیز
فارس,کازرون,بالاده
فارس,کازرون,خشت
فارس,کازرون,قایمیه
فارس,کازرون,کازرون
فارس,کازرون,کنارتخته
فارس,کازرون,نودان
فارس,کوار,کوار
فارس,گراش,گراش
فارس,لارستان,اوز
فارس,لارستان,بنارویه
فارس,لارستان,بیرم
فارس,لارستان,جویم
فارس,لارستان,خور
فارس,لارستان,عمادده
فارس,لارستان,لار
فارس,لارستان,لطیفی
فارس,لامرد,اشکنان
فارس,لامرد,اهل
فارس,لامرد,علامرودشت
فارس,لامرد,لامرد
فارس,مرودشت,خانیمن
فارس,مرودشت,رامجرد
فارس,مرودشت,سیدان
فارس,مرودشت,کامفیروز
فارس,مرودشت,مرودشت
فارس,ممسنی,بابامنیر
فارس,ممسنی,خومه زار
فارس,ممسنی,نورآباد
فارس,مهر,اسیر
فارس,مهر,خوزی
فارس,مهر,گله دار
فارس,مهر,مهر
فارس,مهر,وراوی
فارس,نی ریز,آباده طشک
فارس,نی ریز,قطرویه
فارس,نی ریز,مشکان
فارس,نی ریز,نی ریز
قزوین,آبیک,آبیک
قزوین,آبیک,خاکعلی
قزوین,آوج,آبگرم
قزوین,آوج,آوج
قزوین,البرز,الوند
قزوین,البرز,بیدستان
قزوین,البرز,شریفیه
قزوین,البرز,محمدیه
قزوین,بویین زهرا,ارداق
قزوین,بویین زهرا,بویین زهرا
قزوین,بویین زهرا,دانسفهان
قزوین,بویین زهرا,سگزآباد
قزوین,بویین زهرا,شال
قزوین,تاکستان,اسفرورین
قزوین,تاکستان,تاکستان
قزوین,تاکستان,خرمدشت
قزوین,تاکستان,ضیاڈآباد
قزوین,تاکستان,نرجه
قزوین,قزوین,اقبالیه
قزوین,قزوین,رازمیان
قزوین,قزوین,سیردان
قزوین,قزوین,قزوین
قزوین,قزوین,کوهین
قزوین,قزوین,محمودآبادنمونه
قزوین,قزوین,معلم کلایه
قم,قم,جعفریه
قم,قم,دستجرد
قم,قم,سلفچگان
قم,قم,قم
قم,قم,قنوات
قم,قم,کهک
کردستان,بانه,آرمرده
کردستان,بانه,بانه
کردستان,بانه,بویین سفلی
کردستان,بانه,کانی سور
کردستان,بیجار,بابارشانی
کردستان,بیجار,بیجار
کردستان,بیجار,پیرتاج
کردستان,بیجار,توپ آغاج
کردستان,بیجار,یاسوکند
کردستان,دهگلان,بلبان آباد
کردستان,دهگلان,دهگلان
کردستان,دیواندره,دیواندره
کردستان,دیواندره,زرینه
کردستان,سروآباد,اورامان تخت
کردستان,سروآباد,سروآباد
کردستان,سقز,سقز
کردستان,سقز,صاحب
کردستان,سنندج,سنندج
کردستان,سنندج,شویشه
کردستان,قروه,دزج
کردستان,قروه,دلبران
کردستان,قروه,سریش آباد
کردستان,قروه,قروه
کردستان,کامیاران,کامیاران
کردستان,کامیاران,موچش
کردستان,مریوان,برده رشه
کردستان,مریوان,چناره
کردستان,مریوان,کانی دینار
کردستان,مریوان,مریوان
کرمان,ارزوییه,ارزوییه
کرمان,انار,امین شهر
کرمان,انار,انار
کرمان,بافت,بافت
کرمان,بافت,بزنجان
کرمان,بردسیر,بردسیر
کرمان,بردسیر,دشتکار
کرمان,بردسیر,گلزار
کرمان,بردسیر,لاله زار
کرمان,بردسیر,نگار
کرمان,بم,بروات
کرمان,بم,بم
کرمان,جیرفت,بلوک
کرمان,جیرفت,جبالبارز
کرمان,جیرفت,جیرفت
کرمان,جیرفت,درب بهشت
کرمان,رابر,رابر
کرمان,رابر,هنزا
کرمان,راور,راور
کرمان,راور,هجدک
کرمان,رفسنجان,بهرمان
کرمان,رفسنجان,رفسنجان
کرمان,رفسنجان,صفاییه
کرمان,رفسنجان,کشکوییه
کرمان,رفسنجان,مس سرچشمه
کرمان,رودبارجنوب,رودبار
کرمان,رودبارجنوب,زهکلوت
کرمان,ریگان,گنبکی
کرمان,ریگان,محمدآباد
کرمان,زرند,خانوک
کرمان,زرند,ریحان
کرمان,زرند,زرند
کرمان,زرند,یزدان شهر
کرمان,سیرجان,بلورد
کرمان,سیرجان,پاریز
کرمان,سیرجان,خواجو شهر
کرمان,سیرجان,زیدآباد
کرمان,سیرجان,سیرجان
کرمان,سیرجان,نجف شهر
کرمان,سیرجان,هماشهر
کرمان,شهربابک,جوزم
کرمان,شهربابک,خاتون اباد
کرمان,شهربابک,خورسند
کرمان,شهربابک,دهج
کرمان,شهربابک,شهربابک
کرمان,عنبرآباد,دوساری
کرمان,عنبرآباد,عنبرآباد
کرمان,عنبرآباد,مردهک
کرمان,فاریاب,فاریاب
کرمان,فهرج,فهرج
کرمان,قلعه گنج,قلعه گنج
کرمان,کرمان,اختیارآباد
کرمان,کرمان,اندوهجرد
کرمان,کرمان,باغین
کرمان,کرمان,جوپار
کرمان,کرمان,چترود
کرمان,کرمان,راین
کرمان,کرمان,زنگی آباد
کرمان,کرمان,شهداد
کرمان,کرمان,کاظم آباد
کرمان,کرمان,کرمان
کرمان,کرمان,گلباف
کرمان,کرمان,ماهان
کرمان,کرمان,محی آباد
کرمان,کوهبنان,کوهبنان
کرمان,کوهبنان,کیانشهر
کرمان,کهنوج,کهنوج
کرمان,منوجان,منوجان
کرمان,منوجان,نودژ
کرمان,نرماشیر,نرماشیر
کرمان,نرماشیر,نظام شهر
کرمانشاه,اسلام آبادغرب,اسلام آبادغرب
کرمانشاه,اسلام آبادغرب,حمیل
کرمانشاه,پاوه,بانوره
کرمانشاه,پاوه,باینگان
کرمانشاه,پاوه,پاوه
کرمانشاه,پاوه,نودشه
کرمانشاه,پاوه,نوسود
کرمانشاه,ثلاث باباجانی,ازگله
کرمانشاه,ثلاث باباجانی,تازه آباد
کرمانشاه,جوانرود,جوانرود
کرمانشاه,دالاهو,ریجاب
کرمانشاه,دالاهو,کرند
کرمانشاه,دالاهو,گهواره
کرمانشاه,روانسر,روانسر
کرمانشاه,روانسر,شاهو
کرمانشاه,سرپل ذهاب,سرپل ذهاب
کرمانشاه,سنقر,سطر
کرمانشاه,سنقر,سنقر
کرمانشاه,صحنه,صحنه
کرمانشاه,صحنه,میان راهان
کرمانشاه,قصرشیرین,سومار
کرمانشاه,قصرشیرین,قصرشیرین
کرمانشاه,کرمانشاه,رباط
کرمانشاه,کرمانشاه,کرمانشاه
کرمانشاه,کرمانشاه,کوزران
کرمانشاه,کرمانشاه,هلشی
کرمانشاه,کنگاور,کنگاور
کرمانشاه,کنگاور,گودین
کرمانشاه,گیلانغرب,سرمست
کرمانشاه,گیلانغرب,گیلانغرب
کرمانشاه,هرسین,بیستون
کرمانشاه,هرسین,هرسین
کهگیلویه وبویراحمد,باشت,باشت
کهگیلویه وبویراحمد,بویراحمد,چیتاب
کهگیلویه وبویراحمد,بویراحمد,گراب سفلی
کهگیلویه وبویراحمد,بویراحمد,مادوان
کهگیلویه وبویراحمد,بویراحمد,مارگون
کهگیلویه وبویراحمد,بویراحمد,یاسوج
کهگیلویه وبویراحمد,بهمیی,لیکک
کهگیلویه وبویراحمد,چرام,چرام
کهگیلویه وبویراحمد,چرام,سرفاریاب
کهگیلویه وبویراحمد,دنا,پاتاوه
کهگیلویه وبویراحمد,دنا,سی سخت
کهگیلویه وبویراحمد,کهگیلویه,دهدشت
کهگیلویه وبویراحمد,کهگیلویه,دیشموک
کهگیلویه وبویراحمد,کهگیلویه,سوق
کهگیلویه وبویراحمد,کهگیلویه,قلعه رییسی
کهگیلویه وبویراحمد,گچساران,دوگنبدان
کهگیلویه وبویراحمد,لنده,لنده
گلستان,آزادشهر,آزادشهر
گلستان,آزادشهر,نگین شهر
گلستان,آزادشهر,نوده خاندوز
گلستان,آق قلا,آق قلا
گلستان,آق قلا,انبارآلوم
گلستان,بندرگز,بندرگز
گلستان,بندرگز,نوکنده
گلستان,ترکمن,بندرترکمن
گلستان,رامیان,تاتارعلیا
گلستان,رامیان,خان ببین
گلستان,رامیان,دلند
گلستان,رامیان,رامیان
گلستان,علی آباد,سنگدوین
گلستان,علی آباد,علی اباد
گلستان,علی آباد,فاضل آباد
گلستان,علی آباد,مزرعه
گلستان,کردکوی,کردکوی
گلستان,کلاله,فراغی
گلستان,کلاله,کلاله
گلستان,گالیکش,گالیکش
گلستان,گرگان,جلین
گلستان,گرگان,سرخنکلاته
گلستان,گرگان,گرگان
گلستان,گمیشان,سیمین شهر
گلستان,گمیشان,گمیش تپه
گلستان,گنبدکاووس,اینچه برون
گلستان,گنبدکاووس,گنبدکاووس
گلستان,مراوه تپه,مراوه
گلستان,مینودشت,مینودشت
گیلان,آستارا,آستارا
گیلان,آستارا,لوندویل
گیلان,آستانه اشرفیه,آستانه اشرفیه
گیلان,آستانه اشرفیه,کیاشهر
گیلان,املش,املش
گیلان,املش,رانکوه
گیلان,بندرانزلی,بندرانزلی
گیلان,رشت,خشکبیجار
گیلان,رشت,خمام
گیلان,رشت,رشت
گیلان,رشت,سنگر
گیلان,رشت,کوچصفهان
گیلان,رشت,لشت نشاء
گیلان,رشت,لولمان
گیلان,رضوانشهر,پره سر
گیلان,رضوانشهر,رضوانشهر
گیلان,رودبار,بره سر
گیلان,رودبار,توتکابن
گیلان,رودبار,جیرنده
گیلان,رودبار,رستم آباد
گیلان,رودبار,رودبار
گیلان,رودبار,لوشان
گیلان,رودبار,منجیل
گیلان,رودسر,چابکسر
گیلان,رودسر,رحیم آباد
گیلان,رودسر,رودسر
گیلان,رودسر,کلاچای
گیلان,رودسر,واجارگاه
گیلان,سیاهکل,دیلمان
گیلان,سیاهکل,سیاهکل
گیلان,شفت,احمدسرگوراب
گیلان,شفت,شفت
گیلان,صومعه سرا,صومعه سرا
گیلان,صومعه سرا,گوراب زرمیخ
گیلان,صومعه سرا,مرجقل
گیلان,طوالش,اسالم
گیلان,طوالش,چوبر
گیلان,طوالش,حویق
گیلان,طوالش,لیسار
گیلان,طوالش,هشتپر (تالش)
گیلان,فومن,فومن
گیلان,فومن,ماسوله
گیلان,فومن,ماکلوان
گیلان,لاهیجان,رودبنه
گیلان,لاهیجان,لاهیجان
گیلان,لنگرود,اطاقور
گیلان,لنگرود,چاف و چمخاله
گیلان,لنگرود,شلمان
گیلان,لنگرود,کومله
گیلان,لنگرود,لنگرود
گیلان,ماسال,بازار جمعه
گیلان,ماسال,ماسال
لرستان,ازنا,ازنا
لرستان,ازنا,مومن آباد
لرستان,الیگودرز,الیگودرز
لرستان,الیگودرز,شول آباد
لرستان,بروجرد,اشترینان
لرستان,بروجرد,بروجرد
لرستان,پلدختر,پلدختر
لرستان,پلدختر,معمولان
لرستان,خرم آباد,بیران شهر
لرستان,خرم آباد,خرم آباد
لرستان,خرم آباد,زاغه
لرستان,خرم آباد,سپیددشت
لرستان,دلفان,نورآباد
لرستان,دلفان,هفت چشمه
لرستان,دورود,چالانچولان
لرستان,دورود,دورود
لرستان,دوره,سراب دوره
لرستان,دوره,ویسیان
لرستان,رومشکان,چقابل
لرستان,سلسله,الشتر
لرستان,سلسله,فیروزآباد
لرستان,کوهدشت,درب گنبد
لرستان,کوهدشت,کوهدشت
لرستان,کوهدشت,کوهنانی
لرستان,کوهدشت,گراب
مازندران,آمل,آمل
مازندران,آمل,امامزاده عبدالله
مازندران,آمل,دابودشت
مازندران,آمل,رینه
مازندران,آمل,گزنک
مازندران,بابل,امیرکلا
مازندران,بابل,بابل
مازندران,بابل,خوش رودپی
مازندران,بابل,زرگرمحله
مازندران,بابل,گتاب
مازندران,بابل,گلوگاه
مازندران,بابل,مرزیکلا
مازندران,بابلسر,بابلسر
مازندران,بابلسر,بهنمیر
مازندران,بابلسر,هادی شهر
مازندران,بهشهر,بهشهر
مازندران,بهشهر,خلیل شهر
مازندران,بهشهر,رستمکلا
مازندران,تنکابن,تنکابن
مازندران,تنکابن,خرم آباد
مازندران,تنکابن,شیرود
مازندران,تنکابن,نشتارود
مازندران,جویبار,جویبار
مازندران,جویبار,کوهی خیل
مازندران,چالوس,چالوس
مازندران,چالوس,مرزن آباد
مازندران,چالوس,هچیرود
مازندران,رامسر,رامسر
مازندران,رامسر,کتالم وسادات شهر
مازندران,ساری,پایین هولار
مازندران,ساری,ساری
مازندران,ساری,فریم
مازندران,ساری,کیاسر
مازندران,سوادکوه,آلاشت
مازندران,سوادکوه,پل سفید
مازندران,سوادکوه,زیرآب
مازندران,سوادکوه شمالی,شیرگاه
مازندران,سیمرغ,کیاکلا
مازندران,عباس آباد,سلمان شهر
مازندران,عباس آباد,عباس اباد
مازندران,عباس آباد,کلارآباد
مازندران,فریدونکنار,فریدونکنار
مازندران,قایم شهر,ارطه
مازندران,قایم شهر,قایم شهر
مازندران,کلاردشت,کلاردشت
مازندران,گلوگاه,گلوگاه
مازندران,محمودآباد,سرخرود
مازندران,محمودآباد,محمودآباد
مازندران,میاندورود,سورک
مازندران,نکا,نکا
مازندران,نور,ایزدشهر
مازندران,نور,بلده
مازندران,نور,چمستان
مازندران,نور,رویان
مازندران,نور,نور
مازندران,نوشهر,پول
مازندران,نوشهر,کجور
مازندران,نوشهر,نوشهر
مرکزی,آشتیان,آشتیان
مرکزی,اراک,اراک
مرکزی,اراک,داودآباد
مرکزی,اراک,ساروق
مرکزی,اراک,کارچان
مرکزی,تفرش,تفرش
مرکزی,خمین,خمین
مرکزی,خمین,قورچی باشی
مرکزی,خنداب,جاورسیان
مرکزی,خنداب,خنداب
مرکزی,دلیجان,دلیجان
مرکزی,دلیجان,نراق
مرکزی,زرندیه,پرندک
مرکزی,زرندیه,خشکرود
مرکزی,زرندیه,رازقان
مرکزی,زرندیه,زاویه
مرکزی,زرندیه,مامونیه
مرکزی,ساوه,آوه
مرکزی,ساوه,ساوه
مرکزی,ساوه,غرق آباد
مرکزی,ساوه,نوبران
مرکزی,شازند,آستانه
مرکزی,شازند,توره
مرکزی,شازند,شازند
مرکزی,شازند,شهباز
مرکزی,شازند,مهاجران
مرکزی,شازند,هندودر
مرکزی,فراهان,خنجین
مرکزی,فراهان,فرمهین
مرکزی,کمیجان,کمیجان
مرکزی,کمیجان,میلاجرد
مرکزی,محلات,محلات
مرکزی,محلات,نیمور
هرمزگان,ابوموسی,ابوموسی
هرمزگان,بستک,بستک
هرمزگان,بستک,جناح
هرمزگان,بشاگرد,سردشت
هرمزگان,بشاگرد,گوهران
هرمزگان,بندرعباس,بندرعباس
هرمزگان,بندرعباس,تازیان پایین
هرمزگان,بندرعباس,تخت
هرمزگان,بندرعباس,فین
هرمزگان,بندرعباس,قلعه قاضی
هرمزگان,بندرلنگه,بندرلنگه
هرمزگان,بندرلنگه,چارک
هرمزگان,بندرلنگه,کنگ
هرمزگان,بندرلنگه,کیش
هرمزگان,بندرلنگه,لمزان
هرمزگان,پارسیان,پارسیان
هرمزگان,پارسیان,دشتی
هرمزگان,پارسیان,کوشکنار
هرمزگان,جاسک,بندرجاسک
هرمزگان,حاجی اباد,حاجی اباد
هرمزگان,حاجی اباد,سرگز
هرمزگان,حاجی اباد,فارغان
هرمزگان,خمیر,خمیر
هرمزگان,خمیر,رویدر
هرمزگان,رودان,بیکاء
هرمزگان,رودان,دهبارز
هرمزگان,رودان,زیارتعلی
هرمزگان,سیریک,سیریک
هرمزگان,سیریک,کوهستک
هرمزگان,سیریک,گروک
هرمزگان,قشم,درگهان
هرمزگان,قشم,سوزا
هرمزگان,قشم,قشم
هرمزگان,قشم,هرمز
هرمزگان,میناب,تیرور
هرمزگان,میناب,سندرک
هرمزگان,میناب,میناب
هرمزگان,میناب,هشتبندی
همدان,اسدآباد,آجین
همدان,اسدآباد,اسدآباد
همدان,بهار,بهار
همدان,بهار,صالح آباد
همدان,بهار,لالجین
همدان,بهار,مهاجران
همدان,تویسرکان,تویسرکان
همدان,تویسرکان,سرکان
همدان,تویسرکان,فرسفج
همدان,رزن,دمق
همدان,رزن,رزن
همدان,رزن,قروه درجزین
همدان,فامنین,فامنین
همدان,کبودرآهنگ,شیرین سو
همدان,کبودرآهنگ,کبودرآهنگ
همدان,کبودرآهنگ,گل تپه
همدان,ملایر,ازندریان
همدان,ملایر,جوکار
همدان,ملایر,زنگنه
همدان,ملایر,سامن
همدان,ملایر,ملایر
همدان,نهاوند,برزول
همدان,نهاوند,فیروزان
همدان,نهاوند,گیان
همدان,نهاوند,نهاوند
همدان,همدان,جورقان
همدان,همدان,قهاوند
همدان,همدان,مریانج
همدان,همدان,همدان
یزد,ابرکوه,ابرکوه
یزد,ابرکوه,مهردشت
یزد,اردکان,احمدآباد
یزد,اردکان,اردکان
یزد,اردکان,عقدا
یزد,اشکذر,اشکذر
یزد,اشکذر,خضرآباد
یزد,بافق,بافق
یزد,بهاباد,بهاباد
یزد,تفت,تفت
یزد,تفت,نیر
یزد,خاتم,مروست
یزد,خاتم,هرات
یزد,مهریز,مهریز
یزد,میبد,بفروییه
یزد,میبد,میبد
یزد,میبد,ندوشن
یزد,یزد,حمیدیا
یزد,یزد,زارچ
یزد,یزد,شاهدیه
یزد,یزد,یزد
